,path,emotion
0,data/emodb/wav/14a07Wc.wav,angry
1,data/emodb/wav/10a07Ad.wav,fear
2,data/emodb/wav/13a05Ea.wav,disgust
3,data/emodb/wav/14a05Wa.wav,angry
4,data/emodb/wav/14a07Na.wav,neutral
5,data/emodb/wav/15a05Wa.wav,angry
6,data/emodb/wav/16b10Wb.wav,angry
7,data/emodb/wav/09a01Nb.wav,neutral
8,data/emodb/wav/16a01Fc.wav,happy
9,data/emodb/wav/14a04Ed.wav,disgust
10,data/emodb/wav/11a01Ab.wav,fear
11,data/emodb/wav/09b02Na.wav,neutral
12,data/emodb/wav/03a05Nd.wav,neutral
13,data/emodb/wav/10a01Ac.wav,fear
14,data/emodb/wav/16a04Ab.wav,fear
15,data/emodb/wav/15b02Nd.wav,neutral
16,data/emodb/wav/16b09Wb.wav,angry
17,data/emodb/wav/08a01Wa.wav,angry
18,data/emodb/wav/09b02Wc.wav,angry
19,data/emodb/wav/12b09Td.wav,sad
20,data/emodb/wav/10b02Aa.wav,fear
21,data/emodb/wav/16a04Tc.wav,sad
22,data/emodb/wav/13b01Wa.wav,angry
23,data/emodb/wav/12b01Wa.wav,angry
24,data/emodb/wav/13b03Na.wav,neutral
25,data/emodb/wav/12a02Wc.wav,angry
26,data/emodb/wav/16b03Ad.wav,fear
27,data/emodb/wav/13b03Wc.wav,angry
28,data/emodb/wav/13b01Nc.wav,neutral
29,data/emodb/wav/15a02Ea.wav,disgust
30,data/emodb/wav/11a05Td.wav,sad
31,data/emodb/wav/14a02Ea.wav,disgust
32,data/emodb/wav/09b03Ed.wav,disgust
33,data/emodb/wav/13a02Wa.wav,angry
34,data/emodb/wav/12a02Wa.wav,angry
35,data/emodb/wav/03b02Wb.wav,angry
36,data/emodb/wav/13a02Nc.wav,neutral
37,data/emodb/wav/16b10Wa.wav,angry
38,data/emodb/wav/15b01Ec.wav,disgust
39,data/emodb/wav/14a05Wb.wav,angry
40,data/emodb/wav/14b02Wd.wav,angry
41,data/emodb/wav/08a01Na.wav,neutral
42,data/emodb/wav/08a01Wc.wav,angry
43,data/emodb/wav/11a01Aa.wav,fear
44,data/emodb/wav/08b02Nb.wav,neutral
45,data/emodb/wav/09a01Wb.wav,angry
46,data/emodb/wav/11b02Ab.wav,fear
47,data/emodb/wav/15a07Nc.wav,neutral
48,data/emodb/wav/14b01Eb.wav,disgust
49,data/emodb/wav/11a05Ad.wav,fear
50,data/emodb/wav/03a01Nc.wav,neutral
51,data/emodb/wav/12a02Nb.wav,neutral
52,data/emodb/wav/15a05Na.wav,neutral
53,data/emodb/wav/03a01Wa.wav,angry
54,data/emodb/wav/14a05Na.wav,neutral
55,data/emodb/wav/09a07Wd.wav,angry
56,data/emodb/wav/03b02Na.wav,neutral
57,data/emodb/wav/09a02Ea.wav,disgust
58,data/emodb/wav/14b03Ed.wav,disgust
59,data/emodb/wav/09a05Wb.wav,angry
60,data/emodb/wav/16b01Aa.wav,fear
61,data/emodb/wav/11a02Fb.wav,happy
62,data/emodb/wav/12b10Ac.wav,fear
63,data/emodb/wav/15b02Wa.wav,angry
64,data/emodb/wav/14b09Fc.wav,happy
65,data/emodb/wav/09b02Wd.wav,angry
66,data/emodb/wav/10a04Fd.wav,happy
67,data/emodb/wav/03a05Wa.wav,angry
68,data/emodb/wav/11a04Fd.wav,happy
69,data/emodb/wav/14a01Na.wav,neutral
70,data/emodb/wav/08b02Wd.wav,angry
71,data/emodb/wav/12b02Ea.wav,disgust
72,data/emodb/wav/13b09Ab.wav,fear
73,data/emodb/wav/13a01Ec.wav,disgust
74,data/emodb/wav/03a07Wc.wav,angry
75,data/emodb/wav/14a01Wc.wav,angry
76,data/emodb/wav/13a04Wc.wav,angry
77,data/emodb/wav/12a04Wc.wav,angry
78,data/emodb/wav/12b09Ac.wav,fear
79,data/emodb/wav/16a07Fb.wav,happy
80,data/emodb/wav/10a05Aa.wav,fear
81,data/emodb/wav/16a02Tc.wav,sad
82,data/emodb/wav/09a05Wc.wav,angry
83,data/emodb/wav/11b03Fc.wav,happy
84,data/emodb/wav/11a07Ac.wav,fear
85,data/emodb/wav/10b01Fa.wav,happy
86,data/emodb/wav/10a05Tb.wav,sad
87,data/emodb/wav/11b01Fc.wav,happy
88,data/emodb/wav/08a07Wc.wav,angry
89,data/emodb/wav/08b10Fd.wav,happy
90,data/emodb/wav/09a02Eb.wav,disgust
91,data/emodb/wav/10a07Aa.wav,fear
92,data/emodb/wav/08a07Na.wav,neutral
93,data/emodb/wav/09a07Na.wav,neutral
94,data/emodb/wav/08a05Wa.wav,angry
95,data/emodb/wav/10a02Fa.wav,happy
96,data/emodb/wav/16b03Ta.wav,sad
97,data/emodb/wav/14b02Wb.wav,angry
98,data/emodb/wav/03a05Wb.wav,angry
99,data/emodb/wav/15a01Nb.wav,neutral
100,data/emodb/wav/16b02Fd.wav,happy
101,data/emodb/wav/11b02Td.wav,sad
102,data/emodb/wav/14a01Wa.wav,angry
103,data/emodb/wav/15a01Wa.wav,angry
104,data/emodb/wav/13a01Ea.wav,disgust
105,data/emodb/wav/14b02Na.wav,neutral
106,data/emodb/wav/08b09Fd.wav,happy
107,data/emodb/wav/03a07Nc.wav,neutral
108,data/emodb/wav/15b09Fa.wav,happy
109,data/emodb/wav/15b02Wc.wav,angry
110,data/emodb/wav/16a07Fa.wav,happy
111,data/emodb/wav/11a07Ta.wav,sad
112,data/emodb/wav/10a07Ta.wav,sad
113,data/emodb/wav/09b01Ea.wav,disgust
114,data/emodb/wav/16b01Tb.wav,sad
115,data/emodb/wav/16a05Fc.wav,happy
116,data/emodb/wav/09a05Nb.wav,neutral
117,data/emodb/wav/09a07Wb.wav,angry
118,data/emodb/wav/08a05Nb.wav,neutral
119,data/emodb/wav/10b01Aa.wav,fear
120,data/emodb/wav/15b10Ac.wav,fear
121,data/emodb/wav/10b03Tb.wav,sad
122,data/emodb/wav/13b03Ed.wav,disgust
123,data/emodb/wav/08b01Na.wav,neutral
124,data/emodb/wav/15a02Wd.wav,angry
125,data/emodb/wav/09b01Na.wav,neutral
126,data/emodb/wav/03b01Nb.wav,neutral
127,data/emodb/wav/12a01Wc.wav,angry
128,data/emodb/wav/15a04Wb.wav,angry
129,data/emodb/wav/03a02Wb.wav,angry
130,data/emodb/wav/14a04Wb.wav,angry
131,data/emodb/wav/13b02Wa.wav,angry
132,data/emodb/wav/12b02Wa.wav,angry
133,data/emodb/wav/13b09Fc.wav,happy
134,data/emodb/wav/03b01Wa.wav,angry
135,data/emodb/wav/13b09Fb.wav,happy
136,data/emodb/wav/14a04Wc.wav,angry
137,data/emodb/wav/03a02Wc.wav,angry
138,data/emodb/wav/13a01Wb.wav,angry
139,data/emodb/wav/03b03Wc.wav,angry
140,data/emodb/wav/14b09Ac.wav,fear
141,data/emodb/wav/13b02Nb.wav,neutral
142,data/emodb/wav/15b09Ac.wav,fear
143,data/emodb/wav/10a02Ab.wav,fear
144,data/emodb/wav/12a05Nd.wav,neutral
145,data/emodb/wav/14b10Tc.wav,sad
146,data/emodb/wav/16b01Fa.wav,happy
147,data/emodb/wav/09b03Nb.wav,neutral
148,data/emodb/wav/08b03Nb.wav,neutral
149,data/emodb/wav/09b01Wb.wav,angry
150,data/emodb/wav/11a02Tc.wav,sad
151,data/emodb/wav/16b03Fa.wav,happy
152,data/emodb/wav/11b01Ab.wav,fear
153,data/emodb/wav/16a05Tb.wav,sad
154,data/emodb/wav/09a02Wb.wav,angry
155,data/emodb/wav/11a05Fb.wav,happy
156,data/emodb/wav/09b03Wb.wav,angry
157,data/emodb/wav/13b10Fa.wav,happy
158,data/emodb/wav/11b02Fd.wav,happy
159,data/emodb/wav/15a04Wa.wav,angry
160,data/emodb/wav/12b02Wb.wav,angry
161,data/emodb/wav/03b01Wc.wav,angry
162,data/emodb/wav/13a01Nb.wav,neutral
163,data/emodb/wav/12a01Nb.wav,neutral
164,data/emodb/wav/15a04Nc.wav,neutral
165,data/emodb/wav/03a02Nc.wav,neutral
166,data/emodb/wav/15b09Ta.wav,sad
167,data/emodb/wav/03b03Nb.wav,neutral
168,data/emodb/wav/15a01Ea.wav,disgust
169,data/emodb/wav/14a01Ea.wav,disgust
170,data/emodb/wav/12b02Na.wav,neutral
171,data/emodb/wav/09a07Eb.wav,disgust
172,data/emodb/wav/11a05Fc.wav,happy
173,data/emodb/wav/08a02Wc.wav,angry
174,data/emodb/wav/08b01Wa.wav,angry
175,data/emodb/wav/16a05Ab.wav,fear
176,data/emodb/wav/08a02Na.wav,neutral
177,data/emodb/wav/16b10Eb.wav,disgust
178,data/emodb/wav/16b03Fd.wav,happy
179,data/emodb/wav/11b03Td.wav,sad
180,data/emodb/wav/09a05Ed.wav,disgust
181,data/emodb/wav/03b09Tc.wav,sad
182,data/emodb/wav/13a05Wa.wav,angry
183,data/emodb/wav/13a07Na.wav,neutral
184,data/emodb/wav/15b03Wb.wav,angry
185,data/emodb/wav/14b03Wb.wav,angry
186,data/emodb/wav/15a02Wb.wav,angry
187,data/emodb/wav/09a04Wa.wav,angry
188,data/emodb/wav/11a04Ac.wav,fear
189,data/emodb/wav/08a04Nc.wav,neutral
190,data/emodb/wav/11b09Na.wav,neutral
191,data/emodb/wav/14b09Td.wav,sad
192,data/emodb/wav/03b10Ab.wav,fear
193,data/emodb/wav/16b02Aa.wav,fear
194,data/emodb/wav/16a01Tb.wav,sad
195,data/emodb/wav/09a04Nb.wav,neutral
196,data/emodb/wav/16b09Eb.wav,disgust
197,data/emodb/wav/09a01Ea.wav,disgust
198,data/emodb/wav/10b09Wb.wav,angry
199,data/emodb/wav/13a05Nb.wav,neutral
200,data/emodb/wav/13a07Wb.wav,angry
201,data/emodb/wav/14a02Wc.wav,angry
202,data/emodb/wav/03a04Wc.wav,angry
203,data/emodb/wav/12a02Ec.wav,disgust
204,data/emodb/wav/13a02Ec.wav,disgust
205,data/emodb/wav/14a07Eb.wav,disgust
206,data/emodb/wav/15a07Eb.wav,disgust
207,data/emodb/wav/14b10Ad.wav,fear
208,data/emodb/wav/15a02Na.wav,neutral
209,data/emodb/wav/16a07Td.wav,sad
210,data/emodb/wav/09b10Aa.wav,fear
211,data/emodb/wav/08b10Aa.wav,fear
212,data/emodb/wav/14b01Wc.wav,angry
213,data/emodb/wav/15a05Eb.wav,disgust
214,data/emodb/wav/15b01Wc.wav,angry
215,data/emodb/wav/03a04Nc.wav,neutral
216,data/emodb/wav/14a02Nc.wav,neutral
217,data/emodb/wav/11b10Wa.wav,angry
218,data/emodb/wav/12a05Wb.wav,angry
219,data/emodb/wav/10b10Wa.wav,angry
220,data/emodb/wav/13b01Ec.wav,disgust
221,data/emodb/wav/15b01Na.wav,neutral
222,data/emodb/wav/15b03Wa.wav,angry
223,data/emodb/wav/14b01Na.wav,neutral
224,data/emodb/wav/14a02Wa.wav,angry
225,data/emodb/wav/08b03Wd.wav,angry
226,data/emodb/wav/11b10Nc.wav,neutral
227,data/emodb/wav/08b09Ab.wav,fear
228,data/emodb/wav/12b02Wd.wav,angry
229,data/emodb/wav/16a04Fa.wav,happy
230,data/emodb/wav/08b09Tb.wav,sad
231,data/emodb/wav/11b09Wa.wav,angry
232,data/emodb/wav/08a04Wc.wav,angry
233,data/emodb/wav/08b10Tc.wav,sad
234,data/emodb/wav/12a07Wa.wav,angry
235,data/emodb/wav/13a05Wc.wav,angry
236,data/emodb/wav/15b03Nb.wav,neutral
237,data/emodb/wav/15a05Fb.wav,happy
238,data/emodb/wav/14a05Fb.wav,happy
239,data/emodb/wav/13b01Fc.wav,happy
240,data/emodb/wav/13a02Fa.wav,happy
241,data/emodb/wav/14b03Ta.wav,sad
242,data/emodb/wav/15a02Ta.wav,sad
243,data/emodb/wav/03a04Ta.wav,sad
244,data/emodb/wav/08a04Tb.wav,sad
245,data/emodb/wav/16b02Wb.wav,angry
246,data/emodb/wav/03b10Nc.wav,neutral
247,data/emodb/wav/08b09Wc.wav,angry
248,data/emodb/wav/10a04Wa.wav,angry
249,data/emodb/wav/16a04Ea.wav,disgust
250,data/emodb/wav/03b01Td.wav,sad
251,data/emodb/wav/12b02Ad.wav,fear
252,data/emodb/wav/10a04Nb.wav,neutral
253,data/emodb/wav/16a01Nc.wav,neutral
254,data/emodb/wav/11b01Wd.wav,angry
255,data/emodb/wav/08a07Fd.wav,happy
256,data/emodb/wav/14b01Ac.wav,fear
257,data/emodb/wav/03b09Nc.wav,neutral
258,data/emodb/wav/03a01Fa.wav,happy
259,data/emodb/wav/15a07Fa.wav,happy
260,data/emodb/wav/12a05Ab.wav,fear
261,data/emodb/wav/15b03Aa.wav,fear
262,data/emodb/wav/13a05Tc.wav,sad
263,data/emodb/wav/03b09Wa.wav,angry
264,data/emodb/wav/14a05Fa.wav,happy
265,data/emodb/wav/15a02Ac.wav,fear
266,data/emodb/wav/16b10Fb.wav,happy
267,data/emodb/wav/12a05Ta.wav,sad
268,data/emodb/wav/08b10Nc.wav,neutral
269,data/emodb/wav/08b10Wa.wav,angry
270,data/emodb/wav/13a07Tc.wav,sad
271,data/emodb/wav/09b10Wa.wav,angry
272,data/emodb/wav/14a02Tb.wav,sad
273,data/emodb/wav/03b10Wb.wav,angry
274,data/emodb/wav/08b09Nb.wav,neutral
275,data/emodb/wav/10a04Wb.wav,angry
276,data/emodb/wav/11a04Wc.wav,angry
277,data/emodb/wav/08b09Wa.wav,angry
278,data/emodb/wav/03b10Na.wav,neutral
279,data/emodb/wav/16a01Wb.wav,angry
280,data/emodb/wav/09b09Wa.wav,angry
281,data/emodb/wav/09a01Fa.wav,happy
282,data/emodb/wav/16b09Fb.wav,happy
283,data/emodb/wav/03b10Wc.wav,angry
284,data/emodb/wav/15a07Fb.wav,happy
285,data/emodb/wav/15b03Tc.wav,sad
286,data/emodb/wav/13a05Aa.wav,fear
287,data/emodb/wav/08a05Fe.wav,happy
288,data/emodb/wav/14a02Ab.wav,fear
289,data/emodb/wav/12a07Ac.wav,fear
290,data/emodb/wav/10a02Wa.wav,angry
291,data/emodb/wav/16b03Ea.wav,disgust
292,data/emodb/wav/15b10Nc.wav,neutral
293,data/emodb/wav/08a02Ac.wav,fear
294,data/emodb/wav/11b03Wa.wav,angry
295,data/emodb/wav/16a02Ea.wav,disgust
296,data/emodb/wav/08b01Aa.wav,fear
297,data/emodb/wav/11a02Nc.wav,neutral
298,data/emodb/wav/08a02Tb.wav,sad
299,data/emodb/wav/16a05Wb.wav,angry
300,data/emodb/wav/15b10Wa.wav,angry
301,data/emodb/wav/16a07Nb.wav,neutral
302,data/emodb/wav/03a02Ta.wav,sad
303,data/emodb/wav/15b09Nb.wav,neutral
304,data/emodb/wav/14b02Fb.wav,happy
305,data/emodb/wav/14b09Wa.wav,angry
306,data/emodb/wav/03a05Fc.wav,happy
307,data/emodb/wav/14a04Aa.wav,fear
308,data/emodb/wav/08b02Ff.wav,happy
309,data/emodb/wav/08a01Fd.wav,happy
310,data/emodb/wav/03a07Fa.wav,happy
311,data/emodb/wav/11a04Nd.wav,neutral
312,data/emodb/wav/08b03Tc.wav,sad
313,data/emodb/wav/11b03Nb.wav,neutral
314,data/emodb/wav/16b01Eb.wav,disgust
315,data/emodb/wav/16a05Wc.wav,angry
316,data/emodb/wav/08a02Ab.wav,fear
317,data/emodb/wav/15b10Nb.wav,neutral
318,data/emodb/wav/16a07Wa.wav,angry
319,data/emodb/wav/14b10Nb.wav,neutral
320,data/emodb/wav/11b03Wb.wav,angry
321,data/emodb/wav/10b03Wb.wav,angry
322,data/emodb/wav/11b10Td.wav,sad
323,data/emodb/wav/11b10Ae.wav,fear
324,data/emodb/wav/09b03Ta.wav,sad
325,data/emodb/wav/13b03Fd.wav,happy
326,data/emodb/wav/09b09Nd.wav,neutral
327,data/emodb/wav/14a04Tb.wav,sad
328,data/emodb/wav/13b09Ec.wav,disgust
329,data/emodb/wav/15a04Ac.wav,fear
330,data/emodb/wav/10b09Ad.wav,fear
331,data/emodb/wav/11b09Ad.wav,fear
332,data/emodb/wav/14b09Wc.wav,angry
333,data/emodb/wav/15b09Wb.wav,angry
334,data/emodb/wav/13a01Ac.wav,fear
335,data/emodb/wav/15a04Ab.wav,fear
336,data/emodb/wav/14a04Tc.wav,sad
337,data/emodb/wav/13a04Fc.wav,happy
338,data/emodb/wav/11b09Td.wav,sad
339,data/emodb/wav/15a01Fb.wav,happy
340,data/emodb/wav/03a07Fb.wav,happy
341,data/emodb/wav/03b03Tc.wav,sad
342,data/emodb/wav/13b10Ec.wav,disgust
343,data/emodb/wav/14b10Wc.wav,angry
344,data/emodb/wav/11b10Ad.wav,fear
345,data/emodb/wav/14a07Fd.wav,happy
346,data/emodb/wav/10a02Na.wav,neutral
347,data/emodb/wav/16a02Ec.wav,disgust
348,data/emodb/wav/09b10Nd.wav,neutral
349,data/emodb/wav/11b01Nc.wav,neutral
350,data/emodb/wav/14b03Ad.wav,fear
351,data/emodb/wav/11a02Wc.wav,angry
352,data/emodb/wav/03a04Ad.wav,fear
353,data/emodb/wav/12b10Wa.wav,angry
354,data/emodb/wav/10a05Wb.wav,angry
355,data/emodb/wav/13b10Wa.wav,angry
356,data/emodb/wav/08a05Ta.wav,sad
357,data/emodb/wav/13b10Nc.wav,neutral
358,data/emodb/wav/14a01Aa.wav,fear
359,data/emodb/wav/12b02Fb.wav,happy
360,data/emodb/wav/13b02Fb.wav,happy
361,data/emodb/wav/11a01Nd.wav,neutral
362,data/emodb/wav/13a04Ta.wav,sad
